epoch,rss_mb,ram_usada_mb,swap_usado_mb
1791393163,3,1027,910
1791393168,150,1192,910
1791393173,234,1276,910
1791393178,264,1316,908
1791393184,294,1348,908
1791393189,361,1411,908
1791393194,403,1460,906
1791393200,846,1916,906
1791393206,850,1910,905
1791393211,856,1928,905
1791393216,862,1934,904
1791393222,865,1934,904
1791393227,868,1933,904
1791393233,871,1941,904
1791393238,873,1944,904
1791393243,875,1960,903
1791393249,1122,2212,903
1791393254,1126,2216,903
1791393259,1138,2254,902
1791393265,1155,2276,902
1791393270,1279,2485,901
1791393275,1428,2640,896
1791393280,1574,2794,891
1791393285,1727,2959,885
1791393290,1729,2967,880
1791393296,1730,2974,876
1791393301,1731,2990,870
1791393306,1732,2993,865
1791393311,1733,2992,861
1791393316,1733,3000,859
1791393321,1733,3000,856
1791393326,1734,2998,854
1791393331,1734,3002,852
1791393336,1734,3006,849
1791393341,1734,2969,848
1791393347,1732,2984,847
1791393352,1732,2986,841
1791393357,1732,2997,823
1791393362,1732,3004,818
1791393367,1732,3005,811
1791393372,1742,3006,810
1791393377,1742,3016,807
1791393382,1733,3018,804
1791393387,1733,3016,802
1791393392,1733,3019,800
1791393397,1734,3022,797
1791393402,1734,3023,795
1791393408,1734,3029,792
1791393413,1734,3029,792
1791393418,1734,3032,792
1791393423,1734,3038,791
1791393428,1734,3040,787
1791393433,1734,3041,784
1791393438,1735,3053,782
1791393443,1735,3052,782
