1791471261,1618,357, 3372
1791471264,1682,357,84768
1791471266,1732,357,130312
1791471268,1767,356,143684
1791471270,1800,356,185136
1791471272,1832,355,212208
1791471274,1857,355,237076
1791471277,1888,354,271156
1791471279,1916,353,297188
1791471281,1934,353,321488
1791471283,1961,352,336208
1791471285,1999,352,399704
1791471288,2213,352,611800
1791471290,2295,352,674312
1791471292,2304,352,683352
1791471294,2320,352,688480
1791471297,2324,352,689752
1791471299,2334,352,694716
1791471301,2347,352,703800
1791471304,2352,352,702020
1791471306,2471,352,821680
1791471308,2574,352,917720
1791471310,2583,352,921704
1791471313,2718,352,1043796
1791471315,2748,352,1080040
