1791471144,1828,59, 3412
1791471146,1939,59,161340
1791471149,2011,59,192428
1791471151,2076,59,255548
1791471153,2129,59,305676
1791471155,2145,59,322416
1791471157,2165,59,343744
1791471159,2276,59,455012
1791471162,2521,59,708380
1791471164,2521,59,708380
1791471166,2522,59,708380
1791471169,2525,59,710276
1791471171,2520,59,713568
1791471173,2533,59,713652
1791471175,2534,59,714164
1791471178,2535,59,714216
1791471180,2539,59,714504
1791471182,2529,59,714504
1791471184,2541,59,714576
1791471186,2542,59,714940
1791471189,2526,84,715492
1791471191,2541,84,727728
1791471193,2673,92,877416
1791471196,2706,109,928104
1791471198,2706,109,928236
1791471201,2701,114,928144
1791471203,2717,127,950920
1791471206,2711,127,950988
1791471208,2709,133,951336
1791471211,2702,140,951384
1791471213,2695,146,951368
1791471216,2699,147,951476
1791471218,2759,147,1022500
1791471221,2760,159,1024624
1791471223,2857,174,1117456
1791471226,2893,197,1195140
1791471228,2994,252,1321216
1791471231,2994,252,1323660
1791471233,2988,261,1332912
1791471235,3190,385,1606132
1791471239,3197,385,1615580
1791471241,3213,392,1608204
1791471243,3194,399,1611268
1791471246,3192,410,1607296
1791471249,3192,410,1607724
1791471251,3173,412,1606876
1791471254,3183,411,1604552
1791471256,3184,417,1607984
1791471258,3189,416,1612384
1791471261,3185,386,
