evento	simbolo	fecha	archivo	zip_bytes	csv_bytes	registros	checksum	ts_digitos
Terra	USDCUSDT	2022-05-09	USDCUSDT-aggTrades-2022-05-09.zip	2800718	14976459	197452	OK	13
Terra	USDCUSDT	2022-05-10	USDCUSDT-aggTrades-2022-05-10.zip	3803825	20353558	269327	OK	13
Terra	USDCUSDT	2022-05-11	USDCUSDT-aggTrades-2022-05-11.zip	4809809	25652446	339320	OK	13
Terra	USDCUSDT	2022-05-12	USDCUSDT-aggTrades-2022-05-12.zip	8452083	44935552	594047	OK	13
Terra	USDCUSDT	2022-05-13	USDCUSDT-aggTrades-2022-05-13.zip	3791074	20207399	267108	OK	13
FTX	BUSDUSDT	2022-11-07	BUSDUSDT-aggTrades-2022-11-07.zip	6758936	37975576	484837	OK	13
FTX	BUSDUSDT	2022-11-08	BUSDUSDT-aggTrades-2022-11-08.zip	13953334	79210277	1011915	OK	13
FTX	BUSDUSDT	2022-11-09	BUSDUSDT-aggTrades-2022-11-09.zip	14464361	81714282	1043975	OK	13
FTX	BUSDUSDT	2022-11-10	BUSDUSDT-aggTrades-2022-11-10.zip	18846050	106271542	1356057	OK	13
FTX	BUSDUSDT	2022-11-11	BUSDUSDT-aggTrades-2022-11-11.zip	11424945	64686342	824825	OK	13
SVB	BUSDUSDT	2023-03-10	BUSDUSDT-aggTrades-2023-03-10.zip	7000630	40232326	514685	OK	13
SVB	USDCUSDT	2023-03-11	USDCUSDT-aggTrades-2023-03-11.zip	2319360	12548308	166121	OK	13
SVB	USDCUSDT	2023-03-12	USDCUSDT-aggTrades-2023-03-12.zip	7689358	43030821	570066	OK	13
SVB	USDCUSDT	2023-03-13	USDCUSDT-aggTrades-2023-03-13.zip	4439664	24627424	325423	OK	13
