337131015,0.99980000,109.00000000,353149307,353149307,1667865600167,True,True
337131016,0.99980000,2352.00000000,353149308,353149308,1667865600229,True,True
337131017,0.99980000,150.00000000,353149309,353149309,1667865600356,True,True
337131018,0.99980000,154.00000000,353149310,353149310,1667865600634,True,True
337131019,0.99990000,53.00000000,353149311,353149311,1667865600724,False,True
337131020,0.99980000,883.00000000,353149312,353149312,1667865600765,True,True
337131021,0.99990000,99.00000000,353149313,353149313,1667865600808,False,True
337131022,0.99990000,142.00000000,353149314,353149314,1667865600809,False,True
337131023,0.99990000,18.00000000,353149315,353149315,1667865600817,False,True
337131024,0.99990000,25.00000000,353149316,353149316,1667865600846,False,True
337131025,0.99990000,469.00000000,353149317,353149317,1667865601355,False,True
337131026,0.99990000,194.00000000,353149318,353149318,1667865601359,False,True
337131027,0.99990000,253.00000000,353149319,353149319,1667865601404,False,True
337131028,0.99980000,40.00000000,353149320,353149320,1667865602415,True,True
337131029,0.99990000,82.00000000,353149321,353149321,1667865602417,False,True
337131030,0.99980000,39.00000000,353149322,353149322,1667865602474,True,True
337131031,0.99980000,13.00000000,353149323,353149323,1667865602500,True,True
337131032,0.99990000,838.00000000,353149324,353149324,1667865602599,False,True
337131033,0.99990000,197.00000000,353149325,353149325,1667865603263,False,True
337131034,0.99980000,57.00000000,353149326,353149326,1667865603444,True,True
337131035,0.99990000,42.00000000,353149327,353149327,1667865603675,False,True
337131036,0.99980000,1149.00000000,353149328,353149328,1667865603801,True,True
337131037,0.99980000,66.00000000,353149329,353149329,1667865604154,True,True
337131038,0.99990000,1393.00000000,353149330,353149330,1667865604367,False,True
337131039,0.99990000,657.00000000,353149331,353149331,1667865604384,False,True
337131040,0.99980000,269.00000000,353149332,353149332,1667865604459,True,True
337131041,0.99990000,20.00000000,353149333,353149333,1667865605378,False,True
337131042,0.99980000,13.00000000,353149334,353149334,1667865605409,True,True
337131043,0.99990000,14.00000000,353149335,353149335,1667865605751,False,True
337131044,0.99980000,12.00000000,353149336,353149336,1667865606113,True,True
337131045,0.99980000,109.00000000,353149337,353149337,1667865606217,True,True
337131046,0.99990000,125.00000000,353149338,353149338,1667865606253,False,True
337131047,0.99990000,18.00000000,353149339,353149339,1667865606371,False,True
337131048,0.99980000,1207.00000000,353149340,353149340,1667865606385,True,True
337131049,0.99980000,1791.00000000,353149341,353149341,1667865606441,True,True
337131050,0.99980000,519.00000000,353149342,353149342,1667865606517,True,True
337131051,0.99990000,195.00000000,353149343,353149343,1667865606702,False,True
337131052,0.99980000,5205.00000000,353149344,353149344,1667865606901,True,True
337131053,0.99980000,507.00000000,353149345,353149345,1667865606973,True,True
337131054,0.99980000,39.00000000,353149346,353149346,1667865607214,True,True
337131055,0.99980000,1511.00000000,353149347,353149347,1667865607246,True,True
337131056,0.99980000,39.00000000,353149348,353149348,1667865607276,True,True
337131057,0.99980000,351.00000000,353149349,353149349,1667865607300,True,True
337131058,0.99980000,3065.00000000,353149350,353149350,1667865607320,True,True
337131059,0.99980000,1407.00000000,353149351,353149351,1667865607335,True,True
337131060,0.99980000,787.00000000,353149352,353149352,1667865607360,True,True
337131061,0.99990000,102.00000000,353149353,353149353,1667865607394,False,True
337131062,0.99980000,689.00000000,353149354,353149354,1667865607497,True,True
337131063,0.99980000,507.00000000,353149355,353149355,1667865607518,True,True
337131064,0.99980000,623.00000000,353149356,353149356,1667865607605,True,True
337131065,0.99980000,40.00000000,353149357,353149357,1667865607615,True,True
337131066,0.99980000,37.00000000,353149358,353149358,1667865607646,True,True
337131067,0.99980000,234.00000000,353149359,353149359,1667865607664,True,True
337131068,0.99980000,39.00000000,353149360,353149360,1667865607715,True,True
337131069,0.99980000,39.00000000,353149361,353149361,1667865607758,True,True
337131070,0.99980000,39.00000000,353149362,353149362,1667865607822,True,True
337131071,0.99980000,127.00000000,353149363,353149363,1667865607852,True,True
337131072,0.99990000,2087.00000000,353149364,353149364,1667865607853,False,True
337131073,0.99980000,481.00000000,353149365,353149365,1667865607910,True,True
337131074,0.99980000,596.00000000,353149366,353149366,1667865607992,True,True
337131075,0.99980000,22.00000000,353149367,353149367,1667865608001,True,True
337131076,0.99990000,333.00000000,353149368,353149368,1667865608015,False,True
337131077,0.99980000,109.00000000,353149369,353149369,1667865608063,True,True
337131078,0.99980000,39.00000000,353149370,353149370,1667865608112,True,True
337131079,0.99990000,13.00000000,353149371,353149371,1667865608159,False,True
337131080,0.99990000,13.00000000,353149372,353149372,1667865608171,False,True
337131081,0.99980000,44.00000000,353149373,353149373,1667865608184,True,True
337131082,0.99990000,13.00000000,353149374,353149374,1667865608187,False,True
337131083,0.99990000,13.00000000,353149375,353149375,1667865608217,False,True
337131084,0.99990000,19.00000000,353149376,353149376,1667865608221,False,True
337131085,0.99990000,13.00000000,353149377,353149377,1667865608224,False,True
337131086,0.99990000,197.00000000,353149378,353149378,1667865608236,False,True
337131087,0.99990000,31.00000000,353149379,353149379,1667865608322,False,True
337131088,0.99990000,41.00000000,353149380,353149380,1667865608346,False,True
337131089,0.99990000,15.00000000,353149381,353149381,1667865608361,False,True
337131090,0.99980000,1958.00000000,353149382,353149382,1667865608376,True,True
337131091,0.99990000,56.00000000,353149383,353149383,1667865608392,False,True
337131092,0.99990000,157.00000000,353149384,353149384,1667865608399,False,True
337131093,0.99990000,131.00000000,353149385,353149385,1667865608412,False,True
337131094,0.99990000,1043.00000000,353149386,353149386,1667865608417,False,True
337131095,0.99990000,46.00000000,353149387,353149387,1667865608435,False,True
337131096,0.99990000,13.00000000,353149388,353149388,1667865608454,False,True
337131097,0.99980000,150.00000000,353149389,353149389,1667865608466,True,True
337131098,0.99980000,1000.00000000,353149390,353149390,1667865608960,True,True
337131099,0.99980000,111.00000000,353149391,353149391,1667865608965,True,True
337131100,0.99980000,13.00000000,353149392,353149392,1667865608974,True,True
337131101,0.99980000,13.00000000,353149393,353149393,1667865609078,True,True
337131102,0.99980000,13.00000000,353149394,353149394,1667865609079,True,True
337131103,0.99980000,18.00000000,353149395,353149395,1667865609116,True,True
337131104,0.99990000,13.00000000,353149396,353149396,1667865609177,False,True
337131105,0.99980000,51.00000000,353149397,353149397,1667865609184,True,True
337131106,0.99990000,13.00000000,353149398,353149398,1667865609189,False,True
337131107,0.99980000,13.00000000,353149399,353149399,1667865609205,True,True
337131108,0.99990000,16.00000000,353149400,353149400,1667865609280,False,True
337131109,0.99980000,19.00000000,353149401,353149401,1667865609551,True,True
337131110,0.99980000,14.00000000,353149402,353149402,1667865609565,True,True
337131111,0.99990000,1176.00000000,353149403,353149403,1667865610099,False,True
337131112,0.99990000,1393.00000000,353149404,353149404,1667865610399,False,True
337131113,0.99980000,13.00000000,353149405,353149405,1667865610453,True,True
337131114,0.99990000,154.00000000,353149406,353149406,1667865610782,False,True
