37344254,1.00040000,85.00000000,41569757,41569757,1652054400407,False,True
37344255,1.00040000,2842.00000000,41569758,41569758,1652054407109,False,True
37344256,1.00030000,181.00000000,41569759,41569759,1652054416139,True,True
37344257,1.00040000,2020.00000000,41569760,41569760,1652054416242,False,True
37344258,1.00040000,263.00000000,41569761,41569761,1652054417796,False,True
37344259,1.00040000,21.00000000,41569762,41569762,1652054423164,False,True
37344260,1.00030000,18.00000000,41569763,41569763,1652054425115,True,True
37344261,1.00040000,107.00000000,41569764,41569764,1652054426159,False,True
37344262,1.00040000,104.00000000,41569765,41569765,1652054427134,False,True
37344263,1.00030000,2087.00000000,41569766,41569766,1652054427869,True,True
37344264,1.00040000,1804.00000000,41569767,41569767,1652054428009,False,True
37344265,1.00040000,4288.00000000,41569768,41569768,1652054428161,False,True
37344266,1.00040000,1324.00000000,41569769,41569769,1652054428974,False,True
37344267,1.00040000,2979.00000000,41569770,41569770,1652054437109,False,True
37344268,1.00040000,1721.00000000,41569771,41569771,1652054438408,False,True
37344269,1.00040000,450.00000000,41569772,41569772,1652054438725,False,True
37344270,1.00040000,1573.00000000,41569773,41569773,1652054438751,False,True
37344271,1.00040000,428.00000000,41569774,41569774,1652054438895,False,True
37344272,1.00040000,103.00000000,41569775,41569775,1652054439129,False,True
37344273,1.00040000,850.00000000,41569776,41569776,1652054439426,False,True
37344274,1.00040000,639.00000000,41569777,41569777,1652054440102,False,True
37344275,1.00040000,379.00000000,41569778,41569778,1652054441138,False,True
37344276,1.00040000,166.00000000,41569779,41569779,1652054442017,False,True
37344277,1.00040000,32677.00000000,41569780,41569780,1652054443682,False,True
37344278,1.00030000,243.00000000,41569781,41569781,1652054443902,True,True
37344279,1.00040000,1516.00000000,41569782,41569782,1652054446603,False,True
37344280,1.00040000,113.00000000,41569783,41569783,1652054446866,False,True
37344281,1.00040000,109.00000000,41569784,41569784,1652054447346,False,True
37344282,1.00040000,1447.00000000,41569785,41569785,1652054447496,False,True
37344283,1.00040000,389.00000000,41569786,41569786,1652054448262,False,True
37344284,1.00040000,126.00000000,41569787,41569787,1652054448575,False,True
37344285,1.00040000,564.00000000,41569788,41569788,1652054449806,False,True
37344286,1.00040000,19.00000000,41569789,41569789,1652054454223,False,True
37344287,1.00040000,100.00000000,41569790,41569790,1652054454540,False,True
37344288,1.00040000,249.00000000,41569791,41569791,1652054456394,False,True
37344289,1.00030000,53.00000000,41569792,41569792,1652054469410,True,True
37344290,1.00040000,695.00000000,41569793,41569793,1652054473513,False,True
37344291,1.00040000,7610.00000000,41569794,41569794,1652054474642,False,True
37344292,1.00040000,4775.00000000,41569795,41569795,1652054475951,False,True
37344293,1.00030000,4696.00000000,41569796,41569796,1652054478701,True,True
37344294,1.00040000,948.00000000,41569797,41569797,1652054479233,False,True
37344295,1.00040000,1460.00000000,41569798,41569798,1652054479241,False,True
37344296,1.00040000,150.00000000,41569799,41569799,1652054479359,False,True
37344297,1.00040000,526.00000000,41569800,41569800,1652054479439,False,True
37344298,1.00040000,191.00000000,41569801,41569801,1652054479818,False,True
37344299,1.00040000,900.00000000,41569802,41569802,1652054480132,False,True
37344300,1.00030000,1000.00000000,41569803,41569803,1652054480324,True,True
37344301,1.00030000,10.00000000,41569804,41569804,1652054480658,True,True
37344302,1.00030000,14141.00000000,41569805,41569805,1652054481305,True,True
37344303,1.00040000,1609.00000000,41569806,41569806,1652054482109,False,True
37344304,1.00040000,460.00000000,41569807,41569807,1652054493655,False,True
37344305,1.00040000,529.00000000,41569808,41569808,1652054496457,False,True
37344306,1.00040000,1983.00000000,41569809,41569809,1652054497109,False,True
37344307,1.00030000,1525.00000000,41569810,41569810,1652054499663,True,True
37344308,1.00030000,721.00000000,41569811,41569811,1652054499896,True,True
37344309,1.00030000,1636.00000000,41569812,41569812,1652054499947,True,True
37344310,1.00040000,300.00000000,41569813,41569813,1652054504572,False,True
37344311,1.00030000,131.00000000,41569814,41569814,1652054512322,True,True
37344312,1.00030000,2011.00000000,41569815,41569815,1652054519152,True,True
37344313,1.00040000,2043.00000000,41569816,41569816,1652054523970,False,True
37344314,1.00040000,2043.00000000,41569817,41569817,1652054525978,False,True
37344315,1.00040000,2043.00000000,41569818,41569818,1652054526975,False,True
37344316,1.00040000,2621.00000000,41569819,41569819,1652054527109,False,True
37344317,1.00030000,100.00000000,41569820,41569820,1652054533488,True,True
37344318,1.00030000,100.00000000,41569821,41569821,1652054536485,True,True
37344319,1.00040000,454.00000000,41569822,41569822,1652054542518,False,True
37344320,1.00030000,1618.00000000,41569823,41569823,1652054543586,True,True
37344321,1.00040000,36.00000000,41569824,41569824,1652054546998,False,True
37344322,1.00040000,1008.00000000,41569825,41569826,1652054549338,False,True
37344323,1.00030000,143.00000000,41569827,41569827,1652054552976,True,True
37344324,1.00030000,1439.00000000,41569828,41569828,1652054554868,True,True
37344325,1.00040000,2313.00000000,41569829,41569829,1652054557109,False,True
37344326,1.00030000,269.00000000,41569830,41569830,1652054559161,True,True
37344327,1.00030000,2000.00000000,41569831,41569831,1652054559726,True,True
37344328,1.00040000,10.00000000,41569832,41569832,1652054561488,False,True
37344329,1.00030000,56.00000000,41569833,41569833,1652054561763,True,True
37344330,1.00040000,148.00000000,41569834,41569834,1652054562607,False,True
37344331,1.00030000,1357.00000000,41569835,41569835,1652054563682,True,True
37344332,1.00030000,105.00000000,41569836,41569836,1652054570466,True,True
37344333,1.00030000,790.00000000,41569837,41569837,1652054570933,True,True
37344334,1.00040000,940.00000000,41569838,41569838,1652054573028,False,True
37344335,1.00030000,1061.00000000,41569839,41569839,1652054573208,True,True
37344336,1.00030000,136.00000000,41569840,41569840,1652054573347,True,True
37344337,1.00030000,93.00000000,41569841,41569841,1652054573717,True,True
37344338,1.00040000,1366.00000000,41569842,41569842,1652054573828,False,True
37344339,1.00040000,272.00000000,41569843,41569843,1652054575389,False,True
37344340,1.00030000,188.00000000,41569844,41569844,1652054575891,True,True
37344341,1.00030000,2427.00000000,41569845,41569845,1652054579922,True,True
37344342,1.00030000,411.00000000,41569846,41569846,1652054584788,True,True
37344343,1.00030000,1567.00000000,41569847,41569847,1652054584899,True,True
37344344,1.00030000,2869.00000000,41569848,41569848,1652054584956,True,True
37344345,1.00040000,146.00000000,41569849,41569849,1652054587101,False,True
37344346,1.00040000,1987.00000000,41569850,41569850,1652054587109,False,True
37344347,1.00040000,4696.00000000,41569851,41569851,1652054588303,False,True
37344348,1.00030000,537.00000000,41569852,41569852,1652054588634,True,True
37344349,1.00030000,40.00000000,41569853,41569853,1652054595822,True,True
37344350,1.00030000,94.00000000,41569854,41569854,1652054600179,True,True
37344351,1.00030000,1365.00000000,41569855,41569855,1652054602231,True,True
37344352,1.00030000,109.00000000,41569856,41569856,1652054607270,True,True
37344353,1.00030000,109.00000000,41569857,41569857,1652054607320,True,True
